,care_site_name,place_of_service_concept_id,location_id,place_of_service_source_value,care_site_id
0,,0,2908688309907338,,
0,Primo Adult Health,38004247,428843798293578,261QP2300X,1.1.1.1.1.1.1.1.2
0,,0,,,2.16.840.1.113883.4.6
0,,0,,,2.16.840.1.113883.4.6
0,,0,3279596478709037,1160-1,
0,,0,342043872085583,1160-1,
0,,0,,1052-0,1.2.840.114350.1.13.6289.1.7.2.686980
0,,0,342043872085583,1160-1,
0,,0,3688046635632096,1160-1,
0,,0,3688046635632096,1117-1,
