oid,vocabulary_id
2.16.840.1.113883.6.96,SNOMED
2.16.840.1.113883.6.1,LOINC
2.16.840.1.113883.6.88,RxNorm
2.16.840.1.113883.5.1,AdministrativeGender
2.16.840.1.113883.6.238,Race & Ethnicity - CDC
